{
  "functions": {
    "f1": "sin(x)*sigmoid(y)**0.5",
    "f2": "cos(y)*sigmoid(x)**0.5",
    "func_seed": 500
  },
  "space": {
    "x_min": -3.2,
    "x_max": 3.2,
    "y_min": -3.2,
    "y_max": 3.2,
    "mode": "grid",
    "grid_step": 0.01,
    "grid_phase": "on_lines",
    "n_points": 50000,
    "grid_step_on": 0.015,
    "grid_step_between": 0.015
  },
  "render": {
    "projection": "POLAR",
    "marker": "CIRCLE",
    "spot_size": 2,
    "rotation_deg": 0,
    "alpha": 0.25,
    "bg": "#ffffff",
    "fg": "#000000",
    "dpi": 600
  },
  "generation_mode": "F1F2_VS_F1",
  "seeds": {
    "points_seed": 775,
    "style_seed": 42
  },
  "meta": {
    "title": "abstract4",
    "notes": ""
  }
}