{
  "exactAlways": false,
  "generation_mode": "F2_VS_F1",
  "functions": {
    "f1": "p1 * x**2   + p3*cos(x)*y",
    "f2": "p4 * y**3  - p6*cos(y)*x",
    "func_seed": 457
  },
  "space": {
    "x_min": -2,
    "x_max": 2,
    "y_min": -2,
    "y_max": 2,
    "mode": "grid",
    "grid_phase": "between_lines",
    "grid_step": 0.008,
    "grid_step_on": 0.008,
    "grid_step_between": 0.005,
    "n_points": 50000
  },
  "render": {
    "projection": "POLAR",
    "marker": "CIRCLE",
    "spot_size": 2,
    "rotation_deg": 0,
    "alpha": 0.3,
    "dpi": 600,
    "fg": "#000000",
    "bg": "#ffffff"
  },
  "seeds": {
    "points_seed": 779,
    "style_seed": 42
  },
  "meta": {
    "title": "abstract5",
    "notes": ""
  }
}