{
  "exactAlways": false,
  "generation_mode": "F1_VS_F2",
  "functions": {
    "f1": "sin(x - 2*noise(x,y)-y)",
    "f2": "cos(y - 3*noise(y,x))",
    "func_seed": 12345
  },
  "space": {
    "x_min": -2,
    "x_max": 2,
    "y_min": -2,
    "y_max": 2,
    "mode": "grid",
    "grid_phase": "on_lines",
    "grid_step": 0.005,
    "grid_step_on": 0.005,
    "grid_step_between": 0.02,
    "n_points": 50000
  },
  "render": {
    "projection": "LAMBERT",
    "marker": "CIRCLE",
    "spot_size": 2,
    "rotation_deg": 0,
    "alpha": 0.3,
    "dpi": 600,
    "fg": "#000000",
    "bg": "#ffffff"
  },
  "seeds": {
    "points_seed": 777,
    "style_seed": 42
  },
  "meta": {
    "title": "abstract8",
    "notes": ""
  }
}