{
  "exactAlways": true,
  "generation_mode": "F1_VS_F2",
  "functions": {
    "f1": "x",
    "f2": "y + 0.10*sin(5*(x+y))",
    "func_seed": 12345
  },
  "space": {
    "x_min": -2,
    "x_max": 2,
    "y_min": -2,
    "y_max": 2,
    "mode": "grid",
    "grid_phase": "between_lines",
    "grid_step": 0.02,
    "grid_step_on": 0.005,
    "grid_step_between": 0.02,
    "n_points": 50000
  },
  "render": {
    "projection": "LAMBERT",
    "marker": "CIRCLE",
    "spot_size": 5,
    "rotation_deg": 0,
    "alpha": 0.3,
    "dpi": 300,
    "fg": "#000000",
    "bg": "#ffffff"
  },
  "seeds": {
    "points_seed": 777,
    "style_seed": 42
  },
  "meta": {
    "title": "ball",
    "notes": ""
  }
}