{
  "functions": {
    "f1": "acos(x**2)+asin(y**3)",
    "f2": "asin(y**2)-acos(x**5)",
    "func_seed": 50
  },
  "space": {
    "x_min": -3.2,
    "x_max": 3.2,
    "y_min": -3.2,
    "y_max": 3.2,
    "mode": "grid",
    "grid_step": 0.01,
    "grid_phase": "between_lines",
    "n_points": 50000,
    "grid_step_on": 0.005,
    "grid_step_between": 0.005
  },
  "render": {
    "projection": "RECTILINEAR",
    "marker": "CIRCLE",
    "spot_size": 2,
    "rotation_deg": 0,
    "alpha": 0.25,
    "bg": "#ffffff",
    "fg": "#000000",
    "dpi": 600
  },
  "generation_mode": "F1_VS_F2",
  "seeds": {
    "points_seed": 776,
    "style_seed": 42
  },
  "meta": {
    "title": "bird",
    "notes": ""
  }
}