{
  "functions": {
    "f1": "sin(x)**3+y*x",
    "f2": "cos(y)**3+abs(x**3)",
    "func_seed": 12345
  },
  "space": {
    "x_min": -3.2,
    "x_max": 3.2,
    "y_min": -3.2,
    "y_max": 3.2,
    "mode": "grid",
    "grid_step": 0.01,
    "grid_phase": "on_lines",
    "n_points": 50000,
    "grid_step_on": 0.01,
    "grid_step_between": 0.01
  },
  "render": {
    "projection": "POLAR",
    "marker": "CIRCLE",
    "spot_size": 2,
    "rotation_deg": 0,
    "alpha": 0.25,
    "bg": "#ffffff",
    "fg": "#000000",
    "dpi": 600
  },
  "generation_mode": "INDEX_VS_F1",
  "seeds": {
    "points_seed": 776,
    "style_seed": 42
  },
  "meta": {
    "title": "black_hole",
    "notes": ""
  }
}