{
  "exactAlways": false,
  "generation_mode": "F1_VS_F2",
  "functions": {
    "f1": "x*p2*cos(y) - y*p1*sin(x)",
    "f2": "y*p1*sin(x) + x*p2*cos(y)",
    "func_seed": 144
  },
  "space": {
    "x_min": -2,
    "x_max": 2,
    "y_min": -2,
    "y_max": 2,
    "mode": "grid",
    "grid_phase": "between_lines",
    "grid_step": 0.008,
    "grid_step_on": 0.008,
    "grid_step_between": 0.009,
    "n_points": 50000
  },
  "render": {
    "projection": "POLAR",
    "marker": "CIRCLE",
    "spot_size": 1,
    "rotation_deg": 0,
    "alpha": 0.3,
    "dpi": 600,
    "fg": "#000000",
    "bg": "#ffffff"
  },
  "seeds": {
    "points_seed": 779,
    "style_seed": 42
  },
  "meta": {
    "title": "dragonfly",
    "notes": ""
  }
}