{
  "exactAlways": true,
  "generation_mode": "F1_VS_F2",
  "functions": {
    "f1": "tanh(10 * sin(4*x + 1.2*cos(4*y)))\n \n",
    "f2": "tanh(10 * sin(4*y + 1.2*cos(4*x)))",
    "func_seed": 12345
  },
  "space": {
    "x_min": -2,
    "x_max": 2,
    "y_min": -2,
    "y_max": 2,
    "mode": "grid",
    "grid_phase": "on_lines",
    "grid_step": 0.005,
    "grid_step_on": 0.005,
    "grid_step_between": 0.005,
    "n_points": 50000
  },
  "render": {
    "projection": "POLAR",
    "marker": "CIRCLE",
    "spot_size": 3,
    "rotation_deg": 0,
    "alpha": 0.3,
    "dpi": 300,
    "fg": "#000000",
    "bg": "#ffffff"
  },
  "seeds": {
    "points_seed": 777,
    "style_seed": 42
  },
  "meta": {
    "title": "fan",
    "notes": ""
  }
}