{
  "exactAlways": false,
  "generation_mode": "F1_VS_F2",
  "functions": {
    "f1": "0.3 * x**2  - sin(y**2) + abs(y-x)",
    "f2": "0.4 * y**3 - cos(x**2) + 2*x",
    "func_seed": 392
  },
  "space": {
    "x_min": -2,
    "x_max": 2,
    "y_min": -2,
    "y_max": 2,
    "mode": "grid",
    "grid_phase": "between_lines",
    "grid_step": 0.008,
    "grid_step_on": 0.008,
    "grid_step_between": 0.005,
    "n_points": 50000
  },
  "render": {
    "projection": "AITOFF",
    "marker": "CIRCLE",
    "spot_size": 2,
    "rotation_deg": 0,
    "alpha": 0.3,
    "dpi": 600,
    "fg": "#000000",
    "bg": "#ffffff"
  },
  "seeds": {
    "points_seed": 779,
    "style_seed": 42
  },
  "meta": {
    "title": "ghost",
    "notes": ""
  }
}