{
  "exactAlways": true,
  "generation_mode": "F1_VS_F2",
  "functions": {
    "f1": "cos(2*x) + cos(x + 2*y)\n \n",
    "f2": "cos(2*y) + cos(2*x + y)",
    "func_seed": 12356
  },
  "space": {
    "x_min": -2,
    "x_max": 2,
    "y_min": -2,
    "y_max": 2,
    "mode": "grid",
    "grid_phase": "between_lines",
    "grid_step": 0.01,
    "grid_step_on": 0.01,
    "grid_step_between": 0.01,
    "n_points": 50000
  },
  "render": {
    "projection": "RECTILINEAR",
    "marker": "CIRCLE",
    "spot_size": 3,
    "rotation_deg": -90,
    "alpha": 0.3,
    "dpi": 600,
    "fg": "#000000",
    "bg": "#ffffff"
  },
  "seeds": {
    "points_seed": 777,
    "style_seed": 42
  },
  "meta": {
    "title": "jellyfish",
    "notes": ""
  }
}