{
  "functions": {
    "f1": "x/y",
    "f2": "x**0.5 * 2**y",
    "func_seed": 12345
  },
  "space": {
    "x_min": -2,
    "x_max": 2,
    "y_min": -2,
    "y_max": 2,
    "mode": "grid",
    "grid_step": 0.01,
    "grid_phase": "between_lines",
    "n_points": 50000,
    "grid_step_on": 0.005,
    "grid_step_between": 0.002
  },
  "render": {
    "projection": "POLAR",
    "marker": "CIRCLE",
    "spot_size": 3,
    "rotation_deg": 0,
    "alpha": 0.25,
    "bg": "#ffffff",
    "fg": "#000000",
    "dpi": 600
  },
  "generation_mode": "F1_VS_F2",
  "seeds": {
    "points_seed": 776,
    "style_seed": 42
  },
  "meta": {
    "title": "leap3",
    "notes": ""
  }
}