{
  "exactAlways": true,
  "generation_mode": "F1_VS_F2",
  "functions": {
    "f1": "sin(7*x*p1 + 2*noise(5*x, 5*y))\n \n",
    "f2": "sin(7*y*p2 + 2*noise(5*y, 5*x))",
    "func_seed": 12356
  },
  "space": {
    "x_min": -2,
    "x_max": 2,
    "y_min": -2,
    "y_max": 2,
    "mode": "grid",
    "grid_phase": "between_lines",
    "grid_step": 0.01,
    "grid_step_on": 0.01,
    "grid_step_between": 0.01,
    "n_points": 50000
  },
  "render": {
    "projection": "LAMBERT",
    "marker": "SQUARE",
    "spot_size": 3,
    "rotation_deg": 90,
    "alpha": 0.3,
    "dpi": 600,
    "fg": "#000000",
    "bg": "#ffffff"
  },
  "seeds": {
    "points_seed": 777,
    "style_seed": 42
  },
  "meta": {
    "title": "marbleball",
    "notes": ""
  }
}