{
  "exactAlways": true,
  "generation_mode": "F1_VS_F2",
  "functions": {
    "f1": "sin(5*x) + x*sin(7*y)\n \n",
    "f2": "sin(5*y) + y*sin(7*x)",
    "func_seed": 12345
  },
  "space": {
    "x_min": -2,
    "x_max": 2,
    "y_min": -2,
    "y_max": 2,
    "mode": "grid",
    "grid_phase": "on_lines",
    "grid_step": 0.005,
    "grid_step_on": 0.005,
    "grid_step_between": 0.005,
    "n_points": 50000
  },
  "render": {
    "projection": "RECTILINEAR",
    "marker": "CIRCLE",
    "spot_size": 1,
    "rotation_deg": 45,
    "alpha": 0.3,
    "dpi": 600,
    "fg": "#000000",
    "bg": "#ffffff"
  },
  "seeds": {
    "points_seed": 777,
    "style_seed": 42
  },
  "meta": {
    "title": "muzzle",
    "notes": ""
  }
}