{
  "functions": {
    "f1": "-0.25*sin(y)+ (x + y) *0.2",
    "f2": "-0.2*y * x + cos(x ** 2) ",
    "func_seed": 12345
  },
  "space": {
    "x_min": -3.2,
    "x_max": 3.2,
    "y_min": -3.2,
    "y_max": 3.2,
    "mode": "grid",
    "grid_step": 0.01,
    "grid_phase": "on_lines",
    "n_points": 50000,
    "grid_step_on": 0.01,
    "grid_step_between": 0.005
  },
  "render": {
    "projection": "LAMBERT",
    "marker": "CIRCLE",
    "spot_size": 1,
    "rotation_deg": 180,
    "alpha": 0.25,
    "bg": "#ffffff",
    "fg": "#000000",
    "dpi": 600
  },
  "generation_mode": "F1_VS_F2",
  "seeds": {
    "points_seed": 776,
    "style_seed": 42
  },
  "meta": {
    "title": "neckline",
    "notes": ""
  }
}