{
  "functions": {
    "f1": "y*log(abs(x))",
    "f2": "x*log(abs(y))",
    "func_seed": 50
  },
  "space": {
    "x_min": -3.2,
    "x_max": 3.2,
    "y_min": -3.2,
    "y_max": 3.2,
    "mode": "grid",
    "grid_step": 0.01,
    "grid_phase": "on_lines",
    "n_points": 50000,
    "grid_step_on": 0.015,
    "grid_step_between": 0.015
  },
  "render": {
    "projection": "LAMBERT",
    "marker": "CIRCLE",
    "spot_size": 1,
    "rotation_deg": 0,
    "alpha": 0.25,
    "bg": "#ffffff",
    "fg": "#000000",
    "dpi": 600
  },
  "generation_mode": "F1_VS_F2",
  "seeds": {
    "points_seed": 776,
    "style_seed": 42
  },
  "meta": {
    "title": "star",
    "notes": ""
  }
}