{
  "functions": {
    "f1": "sin(x)-log(y)",
    "f2": "cos(3*y-rand())*sin(5*x-rand())",
    "func_seed": 50
  },
  "space": {
    "x_min": -3.2,
    "x_max": 3.2,
    "y_min": -3.2,
    "y_max": 3.2,
    "mode": "grid",
    "grid_step": 0.01,
    "grid_phase": "between_lines",
    "n_points": 50000,
    "grid_step_on": 0.005,
    "grid_step_between": 0.01
  },
  "render": {
    "projection": "RECTILINEAR",
    "marker": "CIRCLE",
    "spot_size": 1,
    "rotation_deg": 45,
    "alpha": 0.25,
    "bg": "#ffffff",
    "fg": "#000000",
    "dpi": 600
  },
  "generation_mode": "F1_VS_F2",
  "seeds": {
    "points_seed": 776,
    "style_seed": 42
  },
  "meta": {
    "title": "twirltube",
    "notes": ""
  }
}